Cluster,Jenis_Kelamin,Umur,SIM,Kode_Daerah,Sudah_Asuransi,Umur_Kendaraan,Kendaraan_Rusak,Premi,Kanal_Penjualan,Lama_Berlangganan,Tertarik
1,0.5803159563289223,25.18549521791013,1.0,25.460701373181113,0.9124797406807131,0.9527490337863109,0.9648422889913976,29938.221240671806,150.8464744331843,154.54603095445884,0.0002671558587279819
2,0.5332575326890279,27.75230681768487,1.0,25.913106222941355,0.0006996982551274762,1.0722001137009665,0.007171907115056632,28270.082389469542,147.97271176805003,153.87086194078805,0.1663532601565575
3,0.4084785564207144,44.15826226671611,1.0,26.669138549005066,0.0009578544061302681,0.29560622914349277,0.007230255839822024,28878.188295637126,112.35925719935732,154.42571993573105,0.34025460388085527
4,0.36853757405675086,51.24390396008731,0.9962270034299969,27.12014343623324,0.8448705955721858,0.020767072029934518,0.931836607421266,30906.616245712503,78.08677892111007,154.23900841908326,0.00037418147801683815
5,0.3172403786862055,55.04080670318111,0.9915484783633791,27.633247488120716,0.009322064637817838,0.011280786390511081,0.010627879139613335,35018.02615256266,43.668504479669195,153.76731111030506,0.21589466429685517
